model,split,MAE,RMSE,R2,MAPE
Random Forest,Test,0.9130458013013212,10.466296134587441,0.9962437980661183,2.430283958359137
Linear Regression,Test,8.18782638569945,12.791412837617905,0.9943895211890244,23.504900334150904
Ridge,Test,8.188482041255316,12.791583999346061,0.9943893710405324,23.507280836141824
LightGBM,Test,4.08929932132932,32.53835294215202,0.9636960378231312,13.032032538940147
XGBoost,Test,4.299239862160412,39.08288031076173,0.9476235547164189,8.639603419065635
